bug_submission,bug_comment,review_submission,review_comment,forum_thread,committer
41,142,1205,1218,23,2
3,1,2,0,0,0
7,12,58,20,0,0
50,24,22,10,0,3
14,50,190,118,0,1
2,6,25,1,0,0
1,0,2,0,0,0
3,0,2,1,0,0
1,0,1,0,0,0
196,43,950,828,1,3
74,149,87,5,219,3
277,159,43,19,69,11
217,1414,324,397,1,13
0,0,1,0,0,0
0,2,1,0,0,0
0,2,2,0,0,0
1,2,7,0,0,1
0,0,1,0,0,0
24,31,80,15,0,1
401,620,395,140,231,12
17,13,29,0,4,2
12,7,1,0,0,0
205,193,408,386,21,1
7,3,3,0,0,0
1,0,1,0,0,0
112,23,30,17,4,2
14,3,9,0,0,0
106,70,30,9,76,1
17,26,11,1,0,1
4,0,3,0,0,0
1,0,2,0,0,0
1077,2871,19,18,2027,7
1,3,23,4,0,0
523,667,89,24,154,14
6,2,5,1,0,0
678,829,15,1,566,8
0,0,2,0,0,0
6,6,92,6,0,0
11,8,10,0,0,0
1,2,1,0,0,0
2,0,1,0,0,1
46,91,106,110,4,2
0,0,3,2,0,0
1,0,1,0,0,0
0,0,1,0,0,0
0,0,1,0,0,0
29,4,9,0,0,0
46,203,15,0,230,3
0,0,2,1,0,0
18,17,13,10,0,0
0,0,3,0,0,0
0,0,1,2,0,0
23,1,257,1812,0,1
26,3,46,9,2,1
16,2,3,0,0,0
0,2,3,0,0,0
0,0,57,0,0,0
119,233,47,5,6,5
1,1,1,1,0,0
3,1,13,0,0,0
1,0,1,0,0,0
0,0,71,167,0,0
4,1,51,344,0,0
0,0,36,0,0,0
0,0,12,35,0,0
0,0,10,3,0,0
0,0,1,2,0,0
33,10,5,7,0,1
711,975,509,146,0,8
5,0,1,0,0,0
191,245,130,53,10,2
0,0,1,0,0,0
0,0,1,1,0,0
73,17,4,1,0,1
1,0,1,0,0,0
12,5,24,44,0,1
19,8,31,14,2,1
0,0,5,0,0,0
1,0,1,0,0,0
6,3,9,2,0,0
4,0,2,0,0,0
15,104,1,0,0,2
651,844,513,270,0,2
17,8,0,1,0,0
0,1,1,0,0,0
1,2,1,0,0,0
962,95,747,140,0,0
3,0,1,0,0,0
0,0,3,5,0,0
4,2,1,0,0,0
45,33,1,0,0,0
38,122,37,14,0,0
92,17,90,11,2,2
6,6,1,0,4,1
1,0,11,0,0,0
0,2,0,2,0,0
15,11,0,1,0,0
18,10,15,1,0,0
1,0,1,0,0,1
0,0,5,1,0,1
4,0,2,6,0,1
0,0,0,1,0,1
124,194,0,3,206,4
1,0,1,0,0,0
1,0,2,0,0,0
252,122,1,1,9,3
36,14,105,22,0,1
12,2,18,0,0,0
27,10,2,0,0,0
0,0,1,0,0,0
3,1,4,1,0,0
1,1,0,2,0,1
1,0,0,2,0,0
37,10,18,0,0,0
391,298,46,33,0,5
0,0,1,0,0,0
0,0,1,0,0,0
68,39,5,8,166,1
43,9,18,0,0,0
0,0,0,10,0,1
10,2,4,0,0,0
29,18,1,0,0,0
0,1,4,0,0,0
0,0,194,54,3,3
5,0,4,0,0,0
711,363,41,9,95,4
5,0,2,0,0,0
3,2,8,0,0,0
30,12,1,0,0,0
19,38,6,0,16,2
1,3,0,1,0,1
252,89,2,3,0,0
5,0,59,4,2,1
5,9,4,5,0,0
0,0,3,1,0,1
5,2,1,0,0,0
2,0,1,0,0,0
255,194,1,0,0,2
4077,3982,3521,2530,565,8
1,0,1,0,0,0
2,0,8,0,0,0
1,1,15,39,0,1
1,0,2,0,0,0
1,0,2,1,0,0
604,3514,60,102,97,8
12,4,16,1,0,1
13,1,4,0,0,0
2473,5130,23,53,59,15
140,46,138,1,0,2
68,176,166,92,43,1
1,0,2,0,0,0
4,0,3,0,0,0
2,3,9,1,0,0
0,0,4,0,0,0
11,0,10,2,0,0
3,0,5,0,0,0
0,0,19,0,0,0
0,0,2,0,0,0
1,0,0,1,0,0
38,0,2,0,0,1
20,13,3,2,0,1
42,12,23,6,0,2
29,79,1,0,0,0
0,2,1,0,0,0
11,6,9,41,0,3
4,1,9,0,0,0
2,1,4,0,0,0
0,1,1,1,0,0
6,0,10,0,0,0
2,0,1,0,0,0
214,329,11,8,101,4
40,44,7,0,111,1
0,3,5,0,1,1
34,12,19,11,0,1
33,10,46,7,0,1
335,589,87,72,0,4
1,0,1,1,0,0
0,2,0,1,0,0
1,0,1,0,0,0
104,50,2,0,6,1
494,1828,2,5,22,12
35,28,58,10,0,3
2,1,14,1,0,0
0,1,2,0,0,0
1,1,0,1,0,0
0,0,2,0,0,0
3,1,1,1,0,0
4,3,15,0,0,0
2,5,3,0,0,0
0,0,2,0,0,0
1,2,5,4,0,0
3,1,7,4,0,0
0,0,2,0,0,0
3,1,3,1,0,0
0,1,1,0,0,0
107,271,286,87,96,1
43,7,2,2,0,1
0,0,0,1,0,0
18,4,16,0,7,1
120,149,327,58,50,1
1,0,5,1,0,0
0,0,1,0,0,0
0,1,43,0,0,0
43,10,45,10,0,0
0,1,31,0,0,0
98,167,290,338,123,1
8,13,17,3,0,0
135,264,510,384,63,2
1,0,0,4,0,0
152,95,104,303,120,1
18,4,17,77,2,1
31,15,2,1,0,0
0,0,1,0,0,0
28,4,6,0,0,0
55,186,72,57,0,2
3,2,15,0,0,0
0,0,13,7,0,1
21,17,47,8,6,1
6,1,3,0,0,0
1,0,1,0,0,0
107,38,84,5,2,1
14,4,46,152,26,1
5349,8416,301,172,541,16
2,0,2,0,0,0
2,2,0,1,0,0
4,2,8,1,0,0
45,7,330,165,79,1
0,0,6,0,0,0
3,1,1,0,0,0
0,0,2,0,0,0
1,2,0,1,0,0
0,0,4,0,0,0
0,1,1,0,0,0
0,0,0,1,0,1
2,1,3,1,0,0
864,2559,1388,663,58,10
5,0,4,0,0,0
1228,2051,509,189,143,9
3,4,7,0,0,0
0,0,46,0,0,0
0,0,1,0,0,0
0,0,0,3,0,0
6,3,55,6,0,0
6,5,2,16,0,0
101,131,11,0,0,0
0,0,1,0,0,0
8,0,21,7,0,0
2,3,3,0,0,0
0,0,6,0,0,0
2,0,1,0,0,0
1,0,36,13,0,0
0,0,1,0,0,0
38,12,4,0,0,0
1,0,1,0,0,0
38,56,165,33,0,4
4,4,1,0,0,0
0,1,0,66,0,1
1385,5124,464,323,365,16
1,0,13,0,0,0
1,3,2,0,0,0
15,4,4,0,14,1
11,5,0,1,0,0
105,61,110,39,0,1
2,0,2,0,0,1
1,0,15,3,0,2
3,0,1,0,0,0
14,8,89,79,6,2
1,0,2,0,0,0
2,5,12,0,0,0
1,0,1,0,0,0
264,631,5,3,303,3
1,0,1,0,0,0
2,0,1,0,0,0
2,8,7,4,0,0
16,0,249,0,0,1
1,0,2,0,0,0
67,37,279,83,4,2
8,2,6,0,0,0
12,4,4,0,0,0
44,4,6,0,0,0
1,4,7,0,0,0
0,1,1,0,0,0
27,20,45,7,0,1
4,2,7,0,0,0
1,0,1,0,0,0
19,2,4,0,0,0
16,1,8,0,0,0
9,2,8,3,0,0
1,2,1,0,0,0
15,7,1,2,0,0
291,1662,287,93,0,2
0,1,18,0,0,0
87,76,19,25,3,1
1061,5159,170,183,16256,21
3,1,1,0,0,0
65,2,15,0,0,0
1,0,39,18,0,0
53,14,189,3,0,1
0,0,45,2,0,0
132,65,208,25,1,3
0,0,14,21,0,0
21,11,55,10,1,1
1,0,7,0,0,0
16,12,66,1,0,1
1,0,1,0,0,0
2,1,3,0,0,0
1,1,1,0,0,0
11,35,230,147,3,1
89,232,2,1,60,2
17,8,73,20,2,1
14,0,14,0,0,0
1,1,1,0,0,0
11,10,51,23,0,1
69,12,1,0,0,0
780,3404,343,176,516,7
5,8,16,0,0,0
0,0,1,0,0,0
8,0,13,0,0,0
2,1,4,2,0,0
0,1,1,0,0,0
2,0,1,0,0,0
8,5,0,1,0,0
26,9,4,0,12,3
91,137,43,93,22,2
1,0,8,0,0,2
0,0,1,0,0,0
14,3,237,20,21,2
1,0,1,0,0,0
2,0,7,1,0,0
1,6,23,0,0,2
2,4,6,0,0,0
61,298,5,44,263,1
19,3,3,0,0,0
6,27,19,178,68,2
2,0,1,0,0,0
27,2,20,0,0,0
1,0,2,0,0,0
19,2,16,2,18,1
36,26,12,1,0,1
3,0,1,0,0,0
1,0,1,0,0,0
4,0,1,0,0,0
1121,2671,8,2,656,18
2,3,22,5,0,0
187,95,7,0,192,2
0,1,2,1,0,0
2,0,1,0,0,0
168,384,66,1,110,2
0,0,20,0,0,0
22,14,0,1,7,2
281,160,409,138,0,2
16,13,8,0,5,1
0,1,2,0,0,0
1,0,3,0,0,0
1,0,6,0,0,0
0,0,2,0,0,0
1,1,1,0,0,0
999,1276,811,309,681,15
0,0,1,0,0,0
0,0,4,0,0,0
0,0,9,0,0,0
101,53,6,0,0,0
3,6,3,0,0,0
55,93,40,24,3,1
1,1,0,1,0,0
0,0,3,0,0,0
2,2,12,0,0,0
0,0,14,41,0,0
641,720,5,1,179,1
2,0,4,1,0,0
0,1,3,0,0,1
92,42,28,4,0,0
7,2,9,0,0,0
3,147,15,1,0,2
0,2,4,1,0,0
3718,1629,90,16,3198,7
0,0,1,1,0,0
4,0,2,0,0,0
2,0,2,0,0,0
50,22,6,9,7,1
118,20,79,2,0,0
264,301,15,0,0,2
0,1,2,1,0,0
27,16,94,42,3,1
5,3,6,6,0,0
0,0,1,0,0,0
195,167,12,4,0,0
0,1,1,0,0,0
76,102,11,4,18,2
22,6,2,0,0,0
1,1,2,0,0,0
64,32,0,3,4,4
1,0,1,0,0,0
20,2,4,0,0,0
8,1,1,0,0,0
500,4122,0,10,23,11
3,0,2,0,0,0
7,2,3,0,0,0
55,4,29,4,29,1
1,3,2,0,0,0
314,425,408,268,362,4
11,3,8,0,0,0
11,6,0,1,1,1
0,0,3,0,0,0
312,126,5,0,0,0
0,1,10,0,0,0
114,248,1,0,23,12
81,114,178,24,100,1
94,198,0,7,61,3
2,0,8,0,0,0
1,0,18,36,0,0
2,2,2,0,0,0
2,0,2,0,0,0
8,0,1,0,0,0
17,12,4,0,0,0
12,16,1,0,7,1
114,43,12,0,11,1
19,25,21,4,6,4
0,0,1,0,0,0
6,2,4,0,0,0
3,1,2,0,0,0
20,2,3,0,0,0
3792,10953,5,69,0,17
422,596,16,0,1778,5
2,3,1,1,0,0
7,2,1,0,0,0
3,1,6,0,0,0
13,4,3,0,0,0
182,1564,2,0,128,1
27,7,13,3,0,2
25,4,8,0,0,0
6,16,1,0,0,0
0,1,1,0,0,0
8,12,7,0,0,0
20,3,18,1,0,0
29,6,33,13,2,1
0,1,0,1,0,0
32,16,53,15,0,1
13,0,2,0,0,0
2,5,11,0,0,0
47,10,90,17,18,1
4,0,21,3,0,0
96,389,126,35,0,4
24,28,31,0,0,0
1,0,4,1,0,0
22,11,5,10,7,2
3,0,0,1,0,0
33,1,3,0,0,0
7,4,13,1,0,0
16,0,7,0,0,0
0,0,2,0,0,0
21,1,14,1,1,1
1,8,3,0,0,1
53,78,128,47,92,1
8,3,4,0,0,0
19,10,50,8,0,1
4,0,11,0,16,1
7,7,2,0,0,0
0,0,3,0,0,0
3,2,1,0,0,0
15,5,2,0,0,0
1,0,3,0,0,0
208,173,3,0,208,6
3,0,3,1,0,0
0,0,4,2,0,0
537,1394,1503,1576,0,5
6,16,131,74,4,1
11,0,48,6,0,2
112,48,0,3,28,1
47,35,2,0,34,2
1,0,0,1,0,0
13,1,4,0,0,0
0,0,1,0,0,0
15,11,16,12,0,1
0,0,0,1,0,0
23,7,2,4,8,1
9,149,3,0,4,3
104,104,24,66,92,3
45,16,2,0,0,0
38,10,4,0,0,0
9,1,0,1,0,1
13,12,4,0,0,0
0,1,2,0,0,1
1,0,1,0,0,0
28,6,38,6,24,1
0,0,11,0,0,0
3,0,4,1,0,0
0,4,3,0,0,0
0,1,1,0,0,0
3,0,2,0,0,0
234,158,172,23,61,8
4,3,0,2,0,0
282,671,5,4,4604,2
76,268,260,252,153,2
11,3,4,0,1,1
2,0,2,0,0,0
51,111,1,0,103,1
271,404,882,725,176,3
249,549,666,1071,310,2
0,0,1,1,0,0
29,41,297,14,26,1
1,0,2,0,0,0
0,0,3,0,0,0
91,9,37,0,0,0
0,0,9,0,0,0
4,5,4,0,0,0
3,6,1,1,0,0
0,0,0,1,0,0
27,7,17,1,0,0
4,1,63,1,0,0
0,0,0,2,0,0
0,3,11,0,0,0
2,0,35,17,0,1
0,0,1,0,0,0
0,0,1,0,0,0
96,38,0,1,108,3
0,0,2,0,0,0
3,4,63,42,0,0
0,0,1,0,0,0
0,2,10,1,0,0
31,645,3,0,335,4
0,3,1,0,0,0
0,1,1,0,0,0
97,102,125,212,229,2
1,0,1,0,0,0
9,1,9,0,0,0
0,0,0,1,0,0
4,0,7,0,0,0
2,0,2,0,0,0
0,0,6,2,0,0
0,1,1,0,0,0
4,13,40,2,0,0
2,0,3,3,0,0
1,1,1,0,0,0
26,8,20,0,41,1
3,0,1,0,0,0
3,2,14,0,0,0
0,0,1,0,0,0
4,2,16,0,0,0
1,0,2,0,0,0
0,2,21,0,0,0
26,5,36,6,0,0
9,53,11,0,0,0
8,8,8,0,0,0
15,11,11,1,3,2
0,0,0,1,0,0
3,2,1,0,0,0
173,310,0,1,0,1
18,2,2,0,0,0
0,1,1,0,0,0
12,22,19,4,0,0
2,3,1,0,0,0
0,0,2,0,0,0
4,0,30,0,0,0
0,0,2,0,0,0
19,2,63,1,0,0
0,0,1,0,0,0
122,24,28,5,0,0
1,0,2,0,0,0
3,2,1,0,0,0
36,5,1,0,0,0
64,81,110,26,0,1
6,24,50,1,1,2
29,6,16,7,0,0
1,0,1,0,0,0
1,1,1,0,0,0
1,1,3,0,0,0
0,1,3,0,0,0
1,0,1,0,0,0
19,14,57,104,0,0
459,549,0,49,98,6
3,4,3,0,0,0
1,0,13,0,0,0
143,1725,0,1,2,2
5,6,9,0,0,0
414,1760,0,13,0,5
4,3,8,0,0,0
58,323,0,25,41,9
59,48,11,3,0,1
489,631,690,335,171,5
225,203,149,203,112,4
3,0,3,0,0,0
1,0,1,0,0,0
35,24,73,4,95,1
7,16,3,0,0,0
1,1,0,2,0,0
10,4,1,0,0,0
1,0,3,0,0,0
3,0,5,1,0,0
21,12,3,0,0,0
186,792,274,88,67,3
2,4,0,1,0,0
56,16,5,0,0,0
7,0,7,0,0,0
0,0,1,1,0,0
1,0,3,0,0,0
44,25,11,4,0,1
78,295,1,1,1,3
3,0,10,3,0,1
0,1,1,0,0,0
1,4,2,0,0,0
2,1,1,0,0,0
59,20,6,15,0,1
8,0,7,0,0,0
0,0,1,0,0,0
101,74,22,0,0,2
4,1,1,0,0,0
1,1,6,0,0,0
2,0,10,0,0,0
14,13,10,0,0,0
2,0,2,1,0,0
2,0,2,0,0,0
48,36,67,157,0,1
0,0,5,0,0,0
180,58,3,0,456,1
11,1,1,0,0,0
6,6,0,1,0,0
7,1,3,0,0,0
0,0,2,0,0,0
0,0,0,1,0,0
31,5,6,1,1,1
11,52,62,18,0,4
131,128,48,6,0,7
1,3,3,0,0,0
630,605,501,154,0,5
9,0,1,0,0,0
174,38,1,1,0,0
86,513,73,5,148,1
67,36,72,16,7,3
8,2,3,0,0,0
4,0,1,0,0,0
0,0,55,20,0,0
0,0,0,2,0,0
0,0,5,0,0,0
75,25,0,1,1,1
24,1,26,0,0,0
3,8,1,0,0,0
3,0,3,0,0,0
12,0,13,0,0,0
0,0,1,0,0,0
0,0,1,0,0,0
21,16,6,0,5,1
80,176,64,106,13,1
207,80,192,16,4,4
6,10,1,1,0,0
0,0,1,0,0,0
1,0,4,15,0,0
0,0,1,0,0,0
1,0,1,0,0,0
0,0,1,0,0,0
12,4,1,0,0,0
1,0,3,0,0,0
12,8,14,7,7,1
115,85,18,10,4,2
0,0,2,0,0,0
137,116,123,79,20,2
43,29,8,0,0,0
30,27,2,1,0,0
26,4,3,0,0,0
586,661,157,494,225,3
9,23,159,23,10,1
142,339,80,184,0,2
257,620,0,2,7,2
2,0,0,1,0,0
21,7,4,0,0,0
0,0,0,22,0,0
1,0,1,0,0,0
140,139,56,5,116,3
91,73,3,3,0,4
1,0,1,0,0,0
2,0,1,0,0,0
1,1,2,2,0,0
12,4,25,38,0,0
2,4,6,0,0,2
11,1,4,0,0,0
0,0,23,16,0,0
16,2,1,2,0,0
93,72,0,1,0,1
0,0,11,4,0,0
0,0,37,4,0,0
4,0,2,0,0,0
130,51,12,0,0,0
2,0,2,0,0,0
1038,1820,127,171,289,9
1,1,1,9,9,3
7,11,5,1,0,0
9,6,2,0,0,0
0,0,3,0,0,0
9,23,22,6,0,0
175,518,28,2,91,2
1,2,1,0,0,0
0,0,1,0,0,0
0,0,2,0,0,0
0,0,4,0,0,0
0,0,5,5,0,0
1,1,1,0,0,0
80,25,19,1,0,0
8,0,6,0,0,1
1,2,1,0,0,0
18,15,72,24,0,0
36,46,296,5,9,1
1,0,1,0,0,0
6,1,12,15,1,6
22,11,15,0,48,1
0,0,2,0,0,0
2,0,1,0,0,0
2,1,20,0,0,1
0,0,1,0,0,0
3,4,2,0,0,0
0,0,1,0,0,0
13,6,5,0,0,0
1,2,1,0,0,0
0,1,1,0,0,0
2,0,7,0,0,0
13,20,0,1,0,0
0,0,1,0,0,0
4,6,1,0,1,7
1,0,3,0,0,0
3,4,10,0,0,0
85,19,161,15,0,0
0,0,0,1,0,0
0,0,0,1,0,0
4,0,0,1,0,0
48,15,3,0,0,0
62,13,98,7,3,6
26,1,23,30,3,1
19,6,11,0,0,0
27,7,2,0,0,0
88,59,217,19,6,1
7,0,5,0,0,0
5,0,11,0,0,0
1,0,2,0,0,0
0,0,2,0,0,0
7,0,4,0,0,0
0,0,5,0,0,0
2,3,1,0,0,0
10,3,19,25,2,2
0,0,18,0,0,0
1,1,3,1,0,0
2,0,4,0,0,0
1,0,1,0,0,0
2,2,9,0,0,0
38,20,1,0,55,1
5,2,0,39,0,3
81,57,10,1,3,2
37,21,11,0,6,1
109,240,12,1,0,0
1,1,6,0,0,0
41,18,0,1,0,1
75,41,50,0,441,11
1,1,1,1,0,0
12,2,16,0,0,0
1,0,4,1,0,0
2,0,16,3,0,0
0,0,16,7,0,1
2,1,1,0,0,0
2,8,5,0,0,0
2,0,8,0,0,0
41,4,16,0,0,0
0,0,1,0,0,0
0,0,1,0,0,0
22,13,0,3,0,0
0,0,1,0,0,0
3,0,3,0,0,0
32,122,122,15,5,1
1,0,2,0,0,0
2420,3360,99,43,403,7
0,1,1,0,0,0
0,1,1,0,0,0
7,153,61,0,0,1
7,0,1,0,1,2
5,0,0,1,1,1
4,1,1,0,0,0
17,0,1,0,0,0
0,1,1,0,0,0
7,8,1,0,0,0
1,1,0,1,0,0
0,0,0,27,0,1
0,0,4,0,0,0
1,0,2,0,0,0
13,0,14,1,0,0
1,0,3,0,0,0
3,0,4,2,0,0
1,0,1,0,0,0
3,3,4,1,0,0
1,0,1,1,0,0
18,2,0,2,0,1
0,3,1,0,0,0
1,5,4,0,0,0
3,3,1,0,0,0
1,0,3,0,0,0
0,0,0,1,0,0
1,0,1,0,0,0
1,0,3,0,0,0
0,0,3,0,0,0
3,0,7,0,0,0
0,0,4,0,0,0
127,36,95,0,28,1
0,0,5,0,0,0
0,0,1,0,0,0
1,0,1,0,0,0
2,32212,0,1276,0,0
10,13,3,0,0,0
1,1,1,0,0,0
0,0,1,0,0,0
1,0,10,11,0,0
4,0,6,0,0,0
1167,3412,191,1276,430,20
1,0,1,0,0,0
5,4,3,0,0,0
455,2139,2,0,0,8
5,3,38,3,0,0
86,81,3,0,263,2
0,0,34,15,0,0
6,0,9,2,0,0
0,1,0,1,0,0
0,1,2,2,0,0
0,0,1,0,0,0
1,2,1,0,0,0
4,0,9,3,0,0
0,1,7,1,0,0
2,1,1,1,0,0
2,0,0,1,0,0
1,0,2,0,0,0
6,1,7,0,0,0
3,1,0,1,0,0
0,2,3,0,0,0
0,0,48,0,0,0
189,68,261,113,18,51
76,28,114,97,0,3
11,13,0,6,11,1
4,1,1,0,0,0
3,0,1,0,0,0
7,2,1,0,0,0
1,0,2,0,0,0
1,1,3,0,0,0
2,0,1,0,0,0
40,304,877,166,31,2
1,3,4,0,0,0
0,0,1,0,0,0
3,0,15,51,0,0
38,89,9,3,57,3
30,8,16,3,0,0
19,1,2,0,0,0
2,0,1,0,0,0
6,7,63,26,0,0
0,0,7,0,0,0
0,0,2,0,0,0
0,0,1,0,0,0
4,2,15,0,0,0
1,0,3,0,0,0
0,1,5,2,0,0
1,1,0,1,0,0
1,0,9,0,0,0
2,0,2,0,0,0
24,9,1,0,0,0
1,1,4,0,0,0
93,101,35,1,24,3
22,6,1,0,31,1
24,11,5,1,0,0
5,2,8,0,0,0
6,7,11,0,0,0
26,15,23,14,0,0
6,4,2,0,0,0
0,0,2,0,0,0
9,0,2,0,0,0
1,0,1,0,0,0
0,0,5,1,1,1
6,10,3,38,0,1
4,0,3,13,0,1
1,1,1,0,0,0
1,0,1,0,0,0
1,0,1,0,0,0
0,0,33,52,2730,6
3,0,10,0,0,0
3,3,3,0,0,0
1,0,1,0,0,0
5,0,5,0,0,0
16,34,2,0,0,0
3,0,1,0,0,0
0,1,1,0,0,0
86,43,52,9,0,0
0,6,1,1,0,0
7,0,3,0,0,0
0,0,2,0,0,0
13,3,13,1,0,0
0,0,14,0,0,0
1,1,1,0,0,0
0,4,4,0,0,0
0,0,2,0,0,0
363,302,79,38,2,2
5,3,3,0,0,0
3,0,2,0,0,0
726,970,306,471,857,4
6,1,3,1,0,1
403,2205,733,667,1385,2
12,1,11,0,0,0
438,530,160,431,259,2
0,0,0,1,0,0
0,5,15,3,0,0
0,0,6,2,0,0
2,2,3,0,0,0
247,1075,144,132,245,2
0,1,2,0,0,0
10,0,1,0,0,0
0,0,1,0,0,0
44,30,15,10,7,3
5,0,2,0,0,0
86,22,23,3,83,1
7,0,1,0,0,0
15,11,0,1,0,0
1,0,1,0,0,0
3,12,3,0,0,1
0,0,2,0,0,0
1,0,1,0,0,0
6,4,4,0,0,0
31,22,14,0,0,0
4,4,1,0,0,0
10,2,2,0,0,0
10,3,2,0,4,1
0,1,21,14,0,0
205,359,0,2,225,5
24,19,1,0,15,1
0,0,3,0,0,0
76,22,0,1,0,0
2,0,10,0,0,0
453,277,297,158,0,7
624,876,20,15,90,13
0,1,1,0,0,0
6,6,1,0,0,0
0,2,3,0,0,0
76,47,5,5,0,1
14,7,15,6,0,1
739,2210,285,978,580,1
61,918,35,241,9,4
0,0,1,0,0,1
9,102,39,0,0,0
0,0,2,0,0,0
9,9,1,0,0,0
12,0,9,0,0,0
5,2,2,1,0,0
0,2,1,3,0,0
0,0,10,0,0,0
88,66,53,36,16,1
2,0,1,0,0,0
12,0,26,0,0,0
10,6,12,0,0,0
44,12,82,12,0,1
1,5,3,0,0,0
85,67,28,57,190,3
564,1054,19,10,579,11
11,45,15,0,0,0
118,617,144,140,43,2
1,0,1,0,0,0
10,0,1,0,0,0
5,0,2,0,0,0
10,9,18,4,30,1
4,11,10,23,32,1
25,27,68,368,0,1
5,0,0,1,0,0
10,0,28,0,0,0
67,27,54,14,0,2
1,0,1,0,0,0
6,0,54,46,0,1
8,12,11,0,0,0
312,1586,279,316,72,5
52,48,10,0,64,2
81,69,3,30,0,1
48,22,73,3,27,2
25,7,4,1,0,0
8,3,3,0,0,0
601,706,814,230,4,4
6,1,7,0,0,0
1,0,1,0,0,0
3,1,6,0,1,1
28,1,3,0,0,0
0,0,0,1,0,0
18,9,7,0,0,0
1,0,3,0,0,0
23,26,83,1,0,0
329,445,381,246,0,8
3,6,1,0,0,0
689,1208,6,1,0,8
0,0,0,1,0,0
30,17,15,1,0,0
720,1111,412,179,3,10
1,0,2,0,0,0
4,0,39,0,0,0
1,0,3,0,0,0
15,15,2,0,0,0
18,5,16,10,11,1
16,2,12,0,0,0
0,1,1,0,0,0
4,4,26,0,2,1
6,0,65,8,3,1
2,0,1,0,0,0
9,8,1,0,5,2
23,12,1,0,0,1
0,0,1,0,0,0
26,10,33,0,0,2
30,16,10,0,78,1
199,642,1,0,0,1
1,0,1,0,0,0
0,0,19,0,0,0
1,0,16,4,0,0
172,112,306,124,0,2
0,8,1,0,0,2
565,693,455,113,0,2
424,2199,4,27,5,6
0,6,28,4,0,0
1,0,73,2,0,1
82,10,2,1,0,0
3,0,0,1,0,0
20,4,36,2,0,0
2,0,11,0,0,0
4,26,43,45,2,1
0,3,12,0,0,0
60,6,8,0,0,0
1,1,2,0,0,0
4,0,1,8,0,1
2,1,2,0,0,0
870,427,98,136,7,1
215,471,403,38,2,3
185,1395,328,188,0,3
16,13,15,0,0,0
2,0,0,1,0,0
9,23,0,1,3,1
70,323,711,410,0,1
10,138,17,1,0,1
1,0,2,0,0,0
1,0,1,0,0,0
13,5,1,0,0,0
17,3,7,2,0,0
1,1,0,2,0,0
2,0,1,0,0,0
0,0,1,0,0,0
149,77,267,69,1,3
54,2,48,0,0,0
5,2,3,0,0,0
1,4,2,0,0,0
3,0,18,0,0,0
70,15,59,335,0,4
112,42,0,1,0,0
1,3,2,0,0,0
148,93,2,0,18,1
16,19,0,1,0,0
8,16,9,2,0,0
66,105,4,2,70,1
6515,23613,157,1375,2862,17
15,2,29,4,0,0
0,0,3,0,0,0
8,2,52,0,0,1
10,1,2,0,0,0
1,0,1,0,0,0
0,0,1,0,0,0
18,3,4,8,3,1
10,49,39,4,1,1
85,157,222,60,0,1
1,0,4,33,0,2
3,3,2,108,1,2
38,82,8,0,0,5
66,73,150,30,0,1
67,80,307,137,12,3
55,10,20,66,0,3
5,0,7,0,0,0
2,1,3,0,0,0
0,0,1,0,0,0
0,0,1,0,0,0
36,8,89,14,0,0
2,1,1,0,0,0
1,0,1,0,0,0
0,0,6,0,0,1
5,3,1,0,0,0
132,95,119,33,12,3
4,3,3,0,0,0
10,4,7,2,0,0
56,6,76,1,0,0
4,2,1,0,0,0
7,1,1,0,0,0
0,0,29,0,0,1
3,2,4,0,0,0
0,5,133,42,38,1
6151,8188,208,236,266,18
2,0,0,1,0,0
1,0,2,0,0,0
297,1208,411,169,0,3
7,1,1,0,0,0
17,10,47,19,0,1
1,3,12,1,14,2
246,709,22,58,71,9
1442,3930,18,0,0,13
19,42,274,3,0,0
0,1,1,0,0,0
19,5,17,3,0,1
3,0,3,0,0,0
12,32,6,3,0,0
9,0,1,1,0,0
3,3,0,1,0,0
28,22,11,0,2,1
210,113,108,37,59,1
10,4,2,13,0,7
24,3,1,0,0,0
0,2,3,0,0,0
110,252,3,0,1,6
0,2,2,0,0,0
13,1,3,0,0,0
2,4,5,0,0,0
24,1,1,0,0,0
16,30,2,0,6,1
1,0,3,9,0,2
2,1,0,1,0,0
0,1,2,0,0,0
13,4,5,5,13,1
0,0,1,0,0,0
172,90,161,22,1,2
7,0,2,0,0,0
166,93,8,0,83,2
1,0,7,0,0,0
45,15,89,30,3,1
3,2,8,1,0,0
0,2,2,0,0,0
1,1,1,0,0,0
117,65,1,2,0,5
8,20,30,23,4,2
8,2,3,0,0,0
42,59,0,1,0,0
3,0,1,0,0,0
15,7,3,0,0,0
0,0,0,1,0,0
10,18,48,1,0,0
170,290,27,4,504,4
1,0,1,0,0,0
2,2,2,0,0,0
10,0,12,1,0,0
1,0,2,0,0,0
2,0,1,0,0,0
2,4,227,117,0,2
5,0,1,0,0,0
2,4,4,0,0,0
4,2,0,1,0,0
137,282,668,10,74,2
6,1,24,0,0,1
2,0,2,0,0,0
0,0,3,0,0,0
4,2,6,0,0,0
1,0,0,1,0,0
6,1,12,0,0,0
0,0,349,3,0,0
4,0,2,0,0,0
13,0,2,0,0,0
1,0,1,0,0,0
4,0,1,0,0,0
5,0,1,0,0,0
0,0,4,0,0,0
68,23,25,3,0,0
0,0,2,1,0,0
134,56,250,115,107,1
11,5,2,0,0,0
0,0,1,0,0,2
0,1,11,5,0,0
0,0,3,0,0,0
7,13,14,0,0,0
0,0,7,2,0,0
450,2361,3326,4350,0,6
195,578,648,441,11,3
71,29,5,0,0,0
1,0,1,0,0,0
107,114,43,29,8,1
5,2,4,0,0,0
57,5,26,0,0,0
0,0,1,0,0,0
1,0,4,0,0,0
1,3,1,0,0,0
484,707,254,241,292,6
154,255,568,234,15,1
6,0,11,0,0,0
0,1,6,0,0,0
8,5,6,0,0,1
15,3,4,0,0,0
5,2,1,0,0,0
0,1,4,1,0,0
6,1,1,0,0,0
772,10299,231,251,342,5
2,6,5,1,0,1
567,2613,521,410,106,11
5,0,1,0,0,0
48,40,40,0,0,0
16,1,2,0,0,0
13,11,12,2,0,0
16,0,1,0,0,0
152,36,5,7,13,1
214,748,348,260,16,1
541,559,104,25,0,7
46,25,7,0,14,2
179,691,1,16,6,3
410,873,40,34,52,5
2,0,1,0,0,0
4,9,12,0,0,0
101,244,194,52,0,4
5,2,7,0,0,0
1,3,1,0,0,0
46,135,274,145,3,1
385,129,313,148,143,2
366,772,4,3,129,5
2,0,5,0,0,0
25,84,26,11,0,1
1,0,32,2,0,0
18,15,35,7,2,1
0,3,1,0,0,0
0,0,1,0,0,0
0,3,3,0,0,0
4,5,34,19,0,0
503,1307,1,0,108,1
61,649,1,116,311,1
32,2,2,0,0,0
1,0,1,0,0,0
14,0,13,0,0,0
0,0,1,0,0,0
12,1,1,0,0,0
3041,2668,124,40,0,8
127,655,553,472,59,3
138,140,4,0,0,0
1537,2867,185,204,2693,12
18,15,3,1,0,0
0,0,1,0,0,0
10,7,3,0,0,0
15,5,5,0,0,0
334,313,147,183,150,2
103,64,51,10,11,1
105,74,523,16,0,1
0,1,2,0,0,0
3,1,1,0,0,0
724,392,3,0,110,8
157,109,0,5,30,3
3,1,11,8,0,0
441,1106,525,245,0,7
31,19,31,11,0,1
45,8,1,0,0,0
0,0,1,0,0,0
0,2,2,0,0,0
941,1157,498,492,212,1
282,528,117,62,20,5
983,4463,24,81,115,10
55,247,475,210,0,2
94,178,1,95,0,5
642,193,995,247,0,2
61,13,166,237,23,3
6,0,1,0,0,0
16,261,8,12,0,1
623,467,97,122,8,2
4,4,5,0,0,0
50,20,7,4,143,1
51,66,108,172,15,2
292,186,164,82,11,2
6,7,15,0,0,0
0,0,1,0,0,0
1,1,2,0,0,0
0,0,3,0,0,0
0,0,1,0,0,0
5,9,75,0,0,0
15,3,5,0,0,0
76,143,8,10,26,1
39,8,1,0,2,1
6,16,32,22,0,2
930,1514,592,507,0,4
1,2,3,0,0,0
21,0,66,0,0,1
147,72,208,0,0,2
454,490,0,1,4,2
125,107,37,12,95,4
177,1057,1,20,947,1
0,1,6,0,0,0
965,2415,3,14,8,8
51,5,20,2,1,1
224,747,83,84,0,3
437,138,163,149,6,5
85,268,0,1,0,0
0,0,2,0,0,0
53,80,4,1,0,4
407,500,9,4,0,4
68,16,5,0,0,0
2,2,2,0,0,1
690,940,0,1,114,6
406,1056,0,35,0,3
303,595,277,189,1,4
32,147,293,257,21,1
142,144,229,54,70,2
7,27,4,0,7,2
324,291,0,28,0,1
0,0,1,0,0,0
192,344,112,51,3,2
0,0,419,424,2,4
2,3,3,0,0,0
11,11,5,0,0,2
373,526,1,59,3,9
0,0,0,1,0,0
0,1,2,0,0,0
28,230,305,710,157,2
3,2,1,0,0,0
2,0,2,0,0,0
43,78,1,0,17,3
367,759,0,4,0,1
977,2086,0,1,356,16
0,0,10,0,0,0
1,0,1,1,0,0
0,2,0,1,0,0
21,5,0,2,0,3
40,3,5,0,0,0
31,11,68,0,0,1
13,32,14,2,0,0
4,0,0,2,0,0
3,4,1,0,0,0
1,0,4,0,0,0
1,0,11,11,0,0
7,8,82,11,0,0
3,4,0,1,0,0
36,3,38,18,4,2
0,0,3,0,0,0
12,12,4,0,0,0
186,118,58,21,431,1
10,3,2,0,0,0
60,66,48,0,0,2
0,0,1,1,0,0
17,0,32,0,0,0
32,25,22,1,17,2
2,0,5,9,0,0
0,0,1,0,0,0
2,1,7,4,0,0
2,2,4,0,0,0
34,59,56,20,0,1
0,0,0,1,0,0
5,2,5,0,0,1
0,0,2,0,0,0
45,50,44,29,0,6
159,88,275,206,59,4
2,1,2,0,0,0
0,0,2,1,0,0
1,0,1,0,0,0
220,852,5,11,129,3
16,31,11,8,1,1
400,776,272,624,122,5
0,0,2,8,0,0
275,168,6,15,137,3
3,15,33,6,0,0
700,804,831,688,105,3
43,26,12,14,0,1
300,290,1049,1298,41,4
477,589,309,861,167,6
406,1204,521,740,1,4
139,300,500,106,0,1
23,63,95,91,18,1
180,86,318,176,21,2
60,72,3,1,11,1
42,14,76,44,32,2
163,88,5,17,36,3
1239,707,551,844,64,1
0,0,1,1,0,0
11,1,9,1,0,0
12,0,1,0,0,0
2,1,6,0,0,0
0,2,35,21,0,0
20,13,62,6,0,1
2,0,2,1,0,0
502,678,683,882,88,2
1,4,72,25,9,1
24,15,18,6,0,0
119,54,67,172,20,1
0,0,0,1,0,0
1676,1473,147,156,3315,16
1,2,4,2,0,0
16,1,18,9,0,0
6,25,2,27,0,1
0,0,1,0,0,0
0,0,1,2,0,0
2,2,5,1,0,0
1,4,1,0,0,0
0,0,2,0,0,0
5,1,4,0,0,0
5,3,0,1,0,0
7,8,25,3,1,2
369,2794,38,34,32,6
0,0,4,0,0,0
95,46,238,40,1,2
1,0,2,0,0,0
18,8,6,2,0,0
133,59,18,10,0,0
0,1,3,0,0,0
0,0,0,1,0,0
8,6,3,0,0,0
232,159,20,1,136,1
3,0,2,0,0,0
0,0,5,0,0,0
32,13,92,77,0,0
1,6,4,1,0,0
16,3,2,0,0,0
1,0,1,0,0,0
17,1,11,0,0,0
21,1,2,2,0,0
1,1,3,2,0,0
19,11,22,0,0,2
1,0,1,0,0,0
19,7,63,64,0,0
54,12,2,0,0,0
861,1324,15,12,0,6
11,1,6,31,2,4
148,20,56,11,0,0
15,1,1,0,0,0
53,30,8,5,0,1
6,4,3,0,0,0
152,132,27,9,155,2
0,1,1,0,0,0
0,1,0,1,0,0
345,905,38,79,5,2
26,11,0,1,6,3
6,4,1,0,0,0
1,5,11,0,0,0
924,884,689,992,1,4
488,1950,22,9,1,1
19,2,13,0,0,0
18,2,17,0,0,0
1,0,2,0,0,0
6,1,11,0,0,0
386,567,1034,361,114,3
482,1471,74,155,9,5
24,3,6,0,0,0
1289,1828,877,870,531,20
9,10,9,0,0,0
0,0,1,0,0,0
8,14,63,3,0,0
112,516,217,171,2,1
8,0,16,0,0,0
101,8,11,2,0,1
0,3,1,0,0,0
7,1,1,0,0,0
199,443,5,2,43,1
13,9,3,0,0,0
61,45,11,7,82,1
509,1788,49,30,394,6
2,1,1,0,0,0
1,0,25,10,0,0
21,11,4,1,0,0
0,0,1,0,0,0
0,0,1,0,0,0
1,0,1,0,0,0
3,2,1,0,0,0
842,1412,1147,1386,163,6
3,1,0,2,0,2
0,1,2,0,0,0
0,0,3,0,0,0
0,0,1,0,0,0
353,1256,10,59,188,1
1,0,0,1,0,0
0,1,1,0,0,0
3,0,3,1,0,0
0,0,2,0,0,0
116,295,243,369,110,2
2,1,1,0,0,0
0,2,3,0,0,0
1,2,6,1,0,0
2,0,1,0,0,0
12,4,2,1,0,0
190,187,11,1,22,6
151,167,1,2,0,1
3,0,3,0,0,0
1,1,4,6,0,0
0,1,1,0,0,0
52,12,5,2,0,0
29,5,36,1,4,1
37,9,9,1,0,0
3,0,1,0,0,0
94,46,1,0,7,2
96,32,2,2,0,0
0,0,5,0,0,0
0,7,66,2,0,1
16,10,2,0,0,0
0,0,5,0,0,0
166,84,313,51,0,2
6,30,6,0,0,0
4,3,1,41,0,1
0,0,1,0,0,0
19,2,379,381,1,2
0,1,1,0,0,0
21,55,7,0,7,1
10,8,9,0,3,1
0,0,8,0,0,0
0,0,4,0,0,0
18,4,10,0,0,3
1,0,77,2,3,1
4,13,1,0,0,0
3,1,4,1,0,0
0,0,10,0,0,0
1,0,1,0,0,0
216,794,400,168,3,2
53,52,60,52,26,1
244,148,89,29,11,4
354,344,46,7,258,8
87,54,277,3,4,1
0,0,0,11,0,0
13,1,13,0,0,0
0,79,4,0,0,0
128,14,19,13,0,1
399,234,690,423,53,4
4,0,1,0,0,0
54,17,10,0,1,1
51,5,53,0,0,0
0,0,1,0,0,0
135,116,74,4,3,2
134,48,241,26,1,1
686,909,265,96,0,11
6,1,4,1,0,0
7,24,1,0,0,0
1,1,0,2,0,0
1,0,0,1,0,0
121,130,42,16,3,2
4,1,1,0,0,0
68,8,1,0,0,1
0,1,1,0,0,0
0,0,1,0,0,1
5,1,5,0,0,0
312,576,445,125,34,3
0,0,2,5,0,0
60,17,40,0,164,4
7,2,2,0,0,0
15,12,42,17,0,1
5,3,5,6,0,0
2050,4914,62,50,0,7
69,140,27,34,1,1
1,0,2,0,0,0
6,1,1,0,0,0
1,0,1,0,0,0
99,48,137,290,3,1
2,0,12,5,0,0
10,13,14,1,0,2
0,4,3,2,0,0
1,1,5,3,0,0
0,0,3,4,0,0
7,0,238,580,0,1
1,0,1,0,0,0
0,3,3,3,0,0
0,2,2,6,0,0
1,0,28,1,0,0
1,1,24,0,0,0
0,4,2,2,0,0
11,1,1,0,0,0
0,3,0,1,0,0
0,2,3,0,0,0
105,28,7,0,0,0
1,0,1,0,0,0
11,14,1,0,0,1
5,0,1,0,0,1
18,28,55,35,0,0
0,1,1,0,0,0
1,2,2,0,0,0
3,0,1,0,0,0
33,12,2,0,2,1
4,1,1,0,0,0
0,0,9,0,0,0
10,10,1,0,22,1
1,3,2,0,0,0
53,33,42,55,1,3
3,1,0,1,0,0
12,0,2,0,0,1
23,1,3,0,0,0
0,0,36,0,0,0
0,0,1,0,0,0
3,0,0,1,0,0
0,0,1,0,0,1
2,1,5,0,0,0
108,366,4,0,82,5
9,0,0,1,0,0
14,6,3,0,0,0
1,1,3,0,0,0
82,86,5,5,8,1
174,214,125,12,110,1
0,1,1,0,0,0
51,40,0,1,6,39
7,4,1,0,0,0
581,754,38,10,59,1
22,17,17,1,0,0
30,3,2,0,0,0
9,7,272,248,0,2
74,33,3,25,191,1
19,10,34,5,3,1
2,5,1,0,0,0
0,0,2,0,0,0
8,1,6,0,0,0
6,0,4,0,0,0
0,0,47,0,0,0
72,129,30,0,108,5
0,0,2,2,0,0
1,0,12,0,0,0
737,794,768,839,74,7
2,1,30,42,0,0
9,2,5,0,0,0
10,18,34,9,0,2
0,5,2,0,0,0
43,4,8,0,0,0
22,13,2,0,1,1
36,51,72,33,1,1
2,1,2,0,0,0
3,0,13,0,0,0
3,0,1,0,0,0
1,2,0,10,0,1
371,3515,361,174,39,3
1,0,4,0,0,0
2,1,5,0,0,0
6,0,1,0,0,0
77,66,252,132,15,1
3,0,3,0,0,0
139,1084,2,3,3,3
0,2,5,1,0,0
3,0,4,0,0,0
2522,8207,2,3,383,11
12,3,8,0,0,0
1749,3915,672,181,0,5
117,47,7,4,0,3
10,5,4,0,0,3
3,0,4,0,0,0
2,1,3,2,0,0
5,6,2,0,0,0
2,2,0,1,0,0
2,1,3,0,0,0
7,4,0,1,0,0
13,5,1,1,0,0
2,0,3,1,0,0
201,248,279,95,763,4
3,5,48,0,0,0
3,3,1,0,0,0
3,2,2,0,0,0
4,0,1,0,0,0
3,0,2,0,0,0
16,16,12,4,0,0
1,1,18,0,0,0
0,0,1,0,0,0
347,464,15,137,0,0
10,4,1,0,0,0
8,11,6,0,0,0
157,108,2,131,0,1
52,32,0,11,8,1
7,0,1,0,0,0
14,2,2,1,0,0
693,550,203,127,0,6
12,5,0,4,0,0
16,3,14,0,0,0
12,0,20,0,0,0
2,0,1,0,0,0
71,44,13,5,0,2
99,199,27,2,69,1
0,0,14,0,0,0
0,0,2,0,0,0
1,3,2,0,0,0
5,3,3,0,0,0
1,4,1,0,0,0
1,0,1,0,0,0
1,2,1,2,0,0
25,9,1,1,0,0
9,10,3,0,2,3
0,0,1,3,0,0
562,1509,0,2,69,6
0,0,1,0,0,0
0,0,10,0,0,0
0,0,1,0,0,0
0,0,1,0,0,0
5,0,14,0,0,0
0,14,62,0,38,1
0,0,2,0,0,0
0,0,1,0,0,0
280,259,1,5,14,1
5,0,1,0,0,0
1231,4813,343,46,213,33
1,1,2,0,0,0
10,4,7,0,0,0
10,58,32,3,4,1
0,1,3,0,0,0
14,5,11,0,0,0
7,5,12,6,0,1
421,1657,0,5,103,1
9,1,18,2,0,0
0,0,1,0,0,0
0,0,1,0,0,0
0,0,1,1,0,0
0,0,1,1,0,0
0,0,1,1,0,0
2,3,1,0,0,0
0,0,1,0,0,0
23,0,20,3,0,0
270,119,963,87,0,4
62,15,10,2,28,1
15,3,20,0,0,0
4,0,15,0,0,0
12,5,2,0,0,0
162,53,414,200,8,1
12,3,5,52,1,1
12,7,1,1,0,1
643,1514,355,265,35,5
11,9,13,1,0,0
5,0,19,0,0,0
8,9,1,0,0,0
2,0,1,0,0,0
27,27,29,0,0,1
2,1,1,0,0,0
0,0,5,0,0,0
0,1,3,0,0,0
1,0,2,1,0,0
114,83,639,240,27,1
1,0,1,0,0,0
2,0,2,1,0,0
50,16,1,0,0,0
45,18,17,8,0,0
64,37,7,0,36,3
410,501,528,235,36,3
246,25,20,8,0,1
124,893,1,0,0,3
1053,181,128,2,79,1
0,1,2,0,0,0
1,0,1,0,0,0
52,4,63,27,1,3
2,3,0,2,0,1
18,5,1,0,0,0
0,0,2,0,0,0
3,0,2,0,0,0
1,0,2,0,0,0
68,6,9,0,0,0
45,16,133,59,49,2
5,10,1,0,0,0
0,1,3,0,0,0
1,0,0,1,0,0
0,0,8,0,0,0
0,3,2,0,0,0
1,0,0,3,0,0
2,0,2,0,0,0
217,126,455,121,175,1
1,0,1,0,0,0
49,17,12,0,0,0
0,1,2,0,0,0
0,6,8,1,0,0
2,1,15,0,0,0
22,6,4,6,15,1
1,0,27,0,0,0
7,4,11,1,0,0
2,0,1,0,0,0
151,11,1,0,0,0
5,1,7,0,0,0
61,387,58,8,13,2
0,0,1,0,0,0
64,69,190,16,0,0
1,0,1,0,0,0
1,0,1,0,0,0
1,1,2,0,0,0
2,0,2,0,0,0
274,345,95,473,0,1
22,56,13,12,0,1
1,3,13,3,0,0
2,1,6,0,0,0
34,12,120,45,0,2
8,1,0,1,4,1
0,1,2,0,0,0
112,136,990,1217,4,2
17,33,87,49,1,1
42,144,84,33,4,1
203,240,73,37,11,4
0,0,78,12,0,0
69,21,4,1,353,4
0,0,2,0,0,0
33,24,13,0,0,0
0,1,145,447,0,1
1,0,1,1,0,0
229,936,3,3,159,1
73,10,3,1,0,0
0,3,1,0,0,0
1,1,25,36,0,1
1,6,5,0,0,0
5,2,36,2,0,0
1,1,1,0,0,0
4,2,61,0,0,0
57,24,1,0,124,1
4,20,153,19,11,1
1066,2535,3570,1899,5,14
2,0,1,0,0,0
4,0,3,0,0,0
0,0,4,0,0,0
11,29,4,4,0,1
2,0,9,0,0,0
152,33,243,44,57,1
168,498,453,9,0,1
72,382,45,2,24,1
15,0,23,0,0,0
10,1,14,3,0,0
66,94,89,26,3,3
2,0,1,0,0,0
48,57,101,27,18,1
33,38,5,0,11,3
2,1,3,0,0,1
81,33,0,29,9,1
15,3,16,0,0,0
995,654,122,77,246,10
0,0,1,0,0,0
6,3,28,0,0,0
2,2,5,0,0,0
1,0,2,0,0,0
3,3,8,0,0,0
8,3,4,1,0,0
5,4,1,0,0,0
2,1,6,0,0,0
62,38,73,121,41,1
2,0,1,0,0,0
4,2,2,0,0,0
0,0,2,0,0,0
0,1,6,1,0,0
14,28,0,100,0,1
13,2,4,63,10,1
9,0,10,0,0,0
0,0,0,4,0,0
0,0,2,0,0,0
14,13,1,0,0,0
83,22,89,13,0,0
3,1,1,0,0,1
5,1,4,0,0,0
20,1,25,0,2,2
7,8,5,2,0,1
1,3,4,0,0,0
2,0,1,0,0,0
553,1060,298,285,587,5
22,19,2,0,0,1
2,0,2,1,0,0
9,2,1,1,0,0
1,0,14,0,0,0
108,97,10,6,0,2
2,4,10,6,0,0
0,1,38,44,0,1
1,1,5,1,0,0
1,0,1,0,0,0
132,88,1356,2381,4,3
0,0,6,2,0,0
7,3,15,5,0,0
1,1,3,0,0,0
0,1,1,0,0,0
1,7,1,0,0,0
18,41,0,1,72,1
1,2,2,1,0,0
18,12,8,0,0,0
221,283,8,99,11,2
3,1,4,0,0,0
2,0,2,0,0,0
0,0,0,2,0,0
3,0,2,0,0,0
20,758,3,132,11,1
1,0,11,0,0,0
25,43,51,69,47,1
194,281,38,59,0,1
0,0,1,0,0,0
140,377,3329,48,0,3
1,4,1,0,0,0
2,0,1,0,0,0
202,174,925,1673,3,3
27,1,1,0,0,0
458,2082,0,5,4,3
2,0,1,0,0,0
1,0,6,3,0,0
5,2,3,0,0,0
4,0,9,1,0,0
0,0,2,1,0,0
1,0,2,0,0,0
0,0,6,4,0,0
3,1,3,3,0,0
47,13,63,7,0,0
5,1,2,11,0,0
0,0,2,0,0,0
8,8,20,9,0,1
7,1,3,0,0,0
51,33,1,0,9,1
76,22,0,1,0,1
8,0,25,0,0,0
153,932,683,436,6,2
278,315,12,0,117,6
74,94,4,5,39,5
8,2,12,2,0,0
30,9,1,0,0,0
0,0,1,0,0,0
1,0,4,0,0,0
1,2,38,9,0,0
0,0,32,2,0,0
3,0,3,0,0,0
33,7,69,6,0,0
654,1354,16,48,0,5
0,0,26,18,0,0
34,45,195,112,0,1
164,502,654,857,221,2
15,34,19,24,4,1
84,50,0,37,0,1
13,2,4,0,2,1
11,0,1,0,0,0
0,0,20,1,0,0
2,0,2,1,0,0
0,1,1,0,0,0
9,0,9,0,0,0
20,118,102,11,0,0
7,2,8,0,0,1
0,2,3,0,0,0
76,82,1,0,75,2
24,58,12,2,0,1
44,36,64,29,1,1
6,6,1,0,0,0
0,0,0,1,0,0
0,0,0,1,0,0
0,0,10,2,0,0
11,6,7,0,0,0
7,6,8,0,0,0
1,0,1,0,0,0
71,45,1,1,0,0
0,0,18,0,0,0
0,0,0,2,0,0
32,48,0,2,0,0
0,0,17,30,0,0
3,2,2,0,0,0
12,19,0,4,0,1
3,0,2,0,0,0
0,0,0,1,0,0
38,69,1,0,0,0
17,0,0,2,6,1
4,0,1,28,0,0
3,2,0,1,0,1
35,89,191,43,6,1
0,0,0,1,0,0
37,4,8,0,0,1
0,2,5,0,0,0
2,2,0,1,0,0
9,7,4,0,0,1
125,276,4,0,772,2
2330,5171,573,621,0,19
1,0,3,0,0,0
3,2,0,1,0,0
8,0,5,0,0,0
15,1,12,0,0,0
31,52,19,62,4,1
2,0,2,0,0,0
0,0,1,0,0,0
354,67,217,2,0,0
3,0,2,2,0,0
3,0,7,1,0,0
5,1,3,0,0,0
53,41,25,118,0,1
2,1,1,0,0,0
11,3,1,0,0,0
47,64,0,6,0,0
0,1,1,0,0,0
2,0,1,0,0,1
16,9,1,0,0,0
0,0,0,1,0,0
29,9,8,0,0,0
10,0,63,0,0,0
5,1,1,2,0,0
10,8,1,0,0,0
52,23,20,3,10,1
0,0,1,0,0,0
0,1,1,0,0,0
27,34,75,56,12,1
1,3,3,1,0,0
0,1,1,0,0,0
0,0,0,1,0,0
8,1,2,1,0,0
2,0,3,0,0,0
7,1,15,1,0,0
3,6,0,1,0,0
0,0,1,0,0,0
1074,810,1296,892,52,5
50,1510,40,14,3,1
2,0,5,0,0,0
13,23,10,1,0,0
1,2,0,1,0,0
1,0,1,1,0,0
1,1,1,0,0,0
2,2,0,1,0,0
2,0,1,0,0,0
1,4,13,0,0,0
1,0,1,0,0,0
0,2,4,0,0,0
3,1,2,0,0,0
830,2516,2,0,61,11
764,842,361,283,96,6
0,0,1,0,0,0
12,5,1,0,0,1
78,54,1,1,0,2
0,0,23,7,0,0
272,170,1,0,10,1
3,2,1,0,0,0
13,5,0,1,1,3
3,0,2,0,0,0
38,24,266,2,0,0
2,0,0,1,0,0
0,0,3,13,0,0
48,35,173,30,0,1
1,1,1,0,0,0
4,7,1,0,0,0
307,585,8,26,443,4
4,2,1,0,0,0
0,0,20,0,0,1
20,18,7,0,0,0
1,1,7,3,0,0
5,8,3,3,0,0
13,14,5,3,0,0
188,485,3,0,623,4
0,0,2,0,0,0
160,92,233,9,1,5
34,11,4,0,0,0
3,18,0,1,0,0
15,2,10,1,0,0
33,24,88,34,0,1
4,1,1,1,0,0
0,0,0,2,0,0
6,0,1,0,0,0
9,2,1,0,0,0
2,1,2,0,0,0
30,9,4,2,0,0
9,9,38,48,0,1
6,5,1,0,0,1
33,183,1,1,108,1
1,0,1,0,0,0
12,27,413,497,0,1
0,0,5,0,0,1
1,0,0,6,0,1
0,2,1,0,0,0
25,7,349,596,1,1
22,6,1,0,0,0
107,24,95,6,0,0
27,1,11,14,0,1
20,123,1754,1103,0,3
1,0,6,0,0,0
0,0,2,0,0,0
9,0,243,1602,0,1
0,0,2,0,0,1
2,7,39,31,0,2
1130,1564,6,1,575,12
2,2,1,1,0,0
17,144,701,311,0,2
43,29,40,3,0,2
7,0,3,0,0,0
3,0,7,0,0,0
0,0,3,3,0,1
26,16,6,10,2,1
56,62,0,1,17,1
8,0,1,0,0,0
1,0,1,0,0,0
0,2,1,0,0,0
9,10,1,0,0,0
27,17,7,0,0,0
58,19,1,0,0,0
3,0,4,0,0,0
0,0,5,0,0,0
12,2,734,690,0,1
4,0,23,0,0,0
1,1,3,0,0,0
1,0,2,0,0,0
0,0,1,0,0,0
3,2,1,0,0,0
17,11,26,1,0,0
0,0,121,0,0,0
6,2,8,0,0,0
1,0,7,5,0,0
1957,7038,176,447,4847,12
50,5,4,0,0,0
2,0,1,0,0,0
0,0,1,0,0,0
1,1,1,0,0,0
0,1,2,0,0,0
20,1,66,0,0,1
379,1271,597,663,910,8
4,0,14,5,0,0
0,0,5,9,0,0
347,317,624,497,32,3
18,1,262,324,0,1
1,7,18,22,0,0
95,50,111,74,1,3
3,1,0,1,0,0
3200,5291,653,333,279,17
12,1,15,21,0,1
2,0,1,0,0,0
0,1,1,0,0,0
19,8,5,0,0,0
11,4,2,0,0,0
0,0,0,1,0,0
6,0,5,3,0,0
2,7,25,7,0,1
6,0,19,1,0,1
0,0,4,13,0,0
13,1,54,3,0,0
105,938,179,30,1,2
78,79,1,0,70,4
19,21,5,0,0,0
30,16,5,8,2,1
678,1332,0,7,99,1
11,21,224,666,0,1
0,1,1,0,0,0
1,0,1,0,0,0
0,0,1,0,0,0
0,0,1,0,0,2
150,38,1,1,0,0
494,1007,76,21,0,47
13,38,99,6,0,1
0,1,1,0,0,0
2,1,1,0,0,0
0,0,12,0,0,0
8,0,9,1,0,0
22,1,48,0,0,0
3,7,1,0,0,0
120,421,168,85,0,4
0,0,12,0,0,0
6,6,14,0,0,0
5,0,1,2,0,1
11,11,4,1,0,0
5,3,0,2,0,0
14,4,28,0,0,0
2,4,1,0,0,0
3,1,1,0,0,0
4,1,2,0,0,0
2,3,1,0,0,0
0,0,2,0,0,0
17,4,8,0,0,0
4,0,1,1,0,0
1,0,1,0,0,0
4,0,3,15,0,1
3,0,3,0,0,0
0,0,21,10,0,0
127,193,39,47,20,2
91,371,241,337,91,2
392,1275,738,121,4,2
0,0,1,0,0,0
1,0,33,0,0,0
32,8,4,0,0,0
1,0,1,2,0,0
1,1,1,0,0,0
1,0,1,0,7,1
207,132,10,15,14,1
25,4,10,0,0,0
120,136,0,3,4,5
1,0,1,0,0,0
2,0,1,0,0,0
0,0,1,0,0,0
0,0,1,0,0,0
1,0,2,1,0,0
0,0,55,19,0,1
0,0,12,0,0,0
0,0,1,0,0,0
30,3,3,0,0,0
781,977,28,3,428,5
45,27,81,13,0,1
8,0,3,1,0,0
62,59,1,0,0,2
52,26,1,0,1,3
0,0,1,0,0,0
0,0,11,0,0,0
0,0,0,1,0,0
0,0,0,1,0,0
15,7,1,0,0,0
515,443,458,265,123,3
0,0,1,0,0,0
0,0,26,14,0,0
0,0,18,0,0,0
29,7,1,0,0,0
791,301,1,0,0,3
5,4,12,0,0,0
1,2,3,0,0,0
25,11,1,0,1,2
5,0,3,0,0,0
15,7,38,27,0,1
357,188,2,0,116,6
0,0,1,0,0,0
2,0,57,528,0,1
4,4,0,1,0,0
0,0,3,0,0,0